timestamp,project_name,run_id,experiment_id,duration,emissions,emissions_rate,cpu_power,gpu_power,ram_power,cpu_energy,gpu_energy,ram_energy,energy_consumed,water_consumed,country_name,country_iso_code,region,cloud_provider,cloud_region,os,python_version,codecarbon_version,cpu_count,cpu_model,gpu_count,gpu_model,longitude,latitude,ram_total_size,tracking_mode,cpu_utilization_percent,gpu_utilization_percent,ram_utilization_percent,ram_used_gb,on_cloud,pue,wue
2026-05-04T15:33:41,codecarbon,8affbe41-88c4-4215-bc02-af19ad6c85a7,5b0fa12a-3dd7-45bb-9766-cc326314d9f1,348.4062469999772,0.0010468253593144,3.0046113361294343e-06,5.71338787335078,0.0,10.0,0.0005338582357689,0.0,0.000933432485278,0.0014672907210469,0.0,India,IND,karnataka,,,Windows-11-10.0.26200-SP0,3.13.5,3.2.6,12,13th Gen Intel(R) Core(TM) i5-1335U,0,,77.5937,12.9719,15.652114868164062,machine,2.1686746987951806,0,52.8433734939759,8.271224826215262,N,1.0,0.0
2026-05-04T15:39:40,codecarbon,483f0d15-0c2e-4bd0-9bfe-0400a30bb799,5b0fa12a-3dd7-45bb-9766-cc326314d9f1,354.7147181000328,0.0010657983108572,3.0046633434495563e-06,5.709174145666405,0.0,10.0,0.0005430389172209,0.0,0.0009508453855556,0.0014938843027765,0.0,India,IND,karnataka,,,Windows-11-10.0.26200-SP0,3.13.5,3.2.6,12,13th Gen Intel(R) Core(TM) i5-1335U,0,,77.5937,12.9719,15.652114868164062,machine,1.5423076923076922,0,52.28727810650888,8.184042924959984,N,1.0,0.0
2026-05-04T15:46:02,codecarbon,dd5489df-b300-4b92-b8f6-0737b3798e95,5b0fa12a-3dd7-45bb-9766-cc326314d9f1,377.05487490003,0.0011397157394275,3.0226787008914087e-06,5.793003888529001,0.0,10.0,0.0005859725733251,0.0,0.0010115186550001,0.0015974912283252,0.0,India,IND,karnataka,,,Windows-11-10.0.26200-SP0,3.13.5,3.2.6,12,13th Gen Intel(R) Core(TM) i5-1335U,0,,77.5937,12.9719,15.652114868164062,machine,1.8105849582172704,0,52.25487465181058,8.178961634303866,N,1.0,0.0
2026-05-04T15:51:58,codecarbon,a2b712be-f029-4350-a28f-518537518fa3,5b0fa12a-3dd7-45bb-9766-cc326314d9f1,350.95125170005485,0.001053021853185,3.0004789784451887e-06,5.692636381007813,0.0,10.0,0.000535516275721,0.0,0.0009404598080546,0.0014759760837757,0.0,India,IND,karnataka,,,Windows-11-10.0.26200-SP0,3.13.5,3.2.6,12,13th Gen Intel(R) Core(TM) i5-1335U,0,,77.5937,12.9719,15.652114868164062,machine,1.0946268656716418,0,52.31850746268657,8.189335176837979,N,1.0,0.0
2026-05-04T15:57:50,codecarbon,102aa0bb-c0bb-44cf-b008-ef510c6edd40,5b0fa12a-3dd7-45bb-9766-cc326314d9f1,347.7377828999888,0.0010706193616404,3.078812295609477e-06,5.420811964092708,0.0,10.0,0.0005272842766377,0.0,0.0009733574886104,0.0015006417652482,0.0,India,IND,karnataka,,,Windows-11-10.0.26200-SP0,3.13.5,3.2.6,12,13th Gen Intel(R) Core(TM) i5-1335U,0,,77.5937,12.9719,15.652114868164062,machine,1.857530120481928,0,52.40692771084337,8.20290040395346,N,1.0,0.0
2026-05-04T15:57:56,codecarbon,5382ca84-4876-4457-8fe8-dd4c8620d486,5b0fa12a-3dd7-45bb-9766-cc326314d9f1,1.5275102000450715,3.1497361765592497e-06,2.062006640915597e-06,5.502309472,0.0,10.0,1.567479428609553e-06,0.0,2.847372222135568e-06,4.414851650745121e-06,0.0,India,IND,karnataka,,,Windows-11-10.0.26200-SP0,3.13.5,3.2.6,12,13th Gen Intel(R) Core(TM) i5-1335U,0,,77.5937,12.9719,15.652114868164062,machine,0.0,0,0.0,0.0,N,1.0,0.0
2026-05-04T15:58:02,codecarbon,9b67de53-c501-4c5e-88f9-5143295bffed,5b0fa12a-3dd7-45bb-9766-cc326314d9f1,1.538809100049548,3.1874262786466466e-06,2.0713591299557658e-06,5.503168000000002,0.0,10.0,1.586376379670456e-06,0.0,2.881303889120722e-06,4.4676802687911775e-06,0.0,India,IND,karnataka,,,Windows-11-10.0.26200-SP0,3.13.5,3.2.6,12,13th Gen Intel(R) Core(TM) i5-1335U,0,,77.5937,12.9719,15.652114868164062,machine,0.0,0,0.0,0.0,N,1.0,0.0
2026-05-04T15:58:08,codecarbon,0835559b-233b-4364-bcf0-d61449b2ee49,5b0fa12a-3dd7-45bb-9766-cc326314d9f1,1.535827000043355,3.1776444835723986e-06,2.0690119938526257e-06,5.501474654500001,0.0,10.0,1.5811881524796134e-06,0.0,2.872781388901381e-06,4.453969541380995e-06,0.0,India,IND,karnataka,,,Windows-11-10.0.26200-SP0,3.13.5,3.2.6,12,13th Gen Intel(R) Core(TM) i5-1335U,0,,77.5937,12.9719,15.652114868164062,machine,0.0,0,0.0,0.0,N,1.0,0.0
2026-05-04T15:58:14,codecarbon,025db832-4bf0-47a2-9bfa-a921f903c79f,5b0fa12a-3dd7-45bb-9766-cc326314d9f1,1.5582384000299498,3.2445404363816334e-06,2.0821848802591903e-06,5.5017788815,0.0,10.0,1.6146672621969877e-06,0.0,2.9330674998669165e-06,4.547734762063904e-06,0.0,India,IND,karnataka,,,Windows-11-10.0.26200-SP0,3.13.5,3.2.6,12,13th Gen Intel(R) Core(TM) i5-1335U,0,,77.5937,12.9719,15.652114868164062,machine,0.0,0,0.0,0.0,N,1.0,0.0
2026-05-04T15:58:19,codecarbon,002750ce-4d2b-4faf-852a-bde7cc56163e,5b0fa12a-3dd7-45bb-9766-cc326314d9f1,1.5372443000087517,3.180060084922186e-06,2.068675801825437e-06,5.511235559500002,0.0,10.0,1.5842064985828428e-06,0.0,2.873148888789324e-06,4.457355387372167e-06,0.0,India,IND,karnataka,,,Windows-11-10.0.26200-SP0,3.13.5,3.2.6,12,13th Gen Intel(R) Core(TM) i5-1335U,0,,77.5937,12.9719,15.652114868164062,machine,0.0,0,0.0,0.0,N,1.0,0.0
2026-05-04T15:58:25,codecarbon,78988fdf-1a60-4ca5-9efb-76a478bf367a,5b0fa12a-3dd7-45bb-9766-cc326314d9f1,1.5353778999997303,3.189260107783477e-06,2.077182501965176e-06,5.573336428,0.0,10.0,1.6003109470753804e-06,0.0,2.869939722263047e-06,4.470250669338428e-06,0.0,India,IND,karnataka,,,Windows-11-10.0.26200-SP0,3.13.5,3.2.6,12,13th Gen Intel(R) Core(TM) i5-1335U,0,,77.5937,12.9719,15.652114868164062,machine,0.0,0,0.0,0.0,N,1.0,0.0
2026-05-04T15:58:31,codecarbon,5bbc4e15-2040-49ba-96cf-8d7212813470,5b0fa12a-3dd7-45bb-9766-cc326314d9f1,1.570452999905683,1.7367349497600812e-08,1.1058815194497286e-08,5.502122312500003,0.0,10.0,1.5660189432415595e-06,0.0,2.8448988887248563e-06,4.410917831966416e-06,0.0,Canada,CAN,quebec,,,Windows-11-10.0.26200-SP0,3.13.5,3.2.6,12,13th Gen Intel(R) Core(TM) i5-1335U,0,,-71.2,46.8,15.652114868164062,machine,0.0,0,0.0,0.0,N,1.0,0.0
2026-05-04T15:58:36,codecarbon,e7e4b32a-9d0b-470d-b40d-ba0b38777f89,5b0fa12a-3dd7-45bb-9766-cc326314d9f1,1.5334843000164255,3.169677827147058e-06,2.0669776841622096e-06,5.501945548,0.0,10.0,1.5776599612399431e-06,0.0,2.8651430556136698e-06,4.442803016853613e-06,0.0,India,IND,karnataka,,,Windows-11-10.0.26200-SP0,3.13.5,3.2.6,12,13th Gen Intel(R) Core(TM) i5-1335U,0,,77.5937,12.9719,15.652114868164062,machine,0.0,0,0.0,0.0,N,1.0,0.0
2026-05-04T15:58:42,codecarbon,b21cfb23-6398-443a-9efb-f511234308e7,5b0fa12a-3dd7-45bb-9766-cc326314d9f1,1.525615300051868,3.168161056431494e-06,2.076644784778825e-06,5.6191021480000005,0.0,10.0,1.5980581348261531e-06,0.0,2.8426188888261096e-06,4.440677023652263e-06,0.0,India,IND,karnataka,,,Windows-11-10.0.26200-SP0,3.13.5,3.2.6,12,13th Gen Intel(R) Core(TM) i5-1335U,0,,77.5937,12.9719,15.652114868164062,machine,0.0,0,0.0,0.0,N,1.0,0.0
2026-05-04T15:58:47,codecarbon,859b7a48-e281-49eb-8d52-69bcc8240093,5b0fa12a-3dd7-45bb-9766-cc326314d9f1,1.5757533001014965,3.305685614687582e-06,2.097844640068124e-06,5.585536,0.0,10.0,1.66104686577263e-06,0.0,2.972392500184166e-06,4.633439365956796e-06,0.0,India,IND,karnataka,,,Windows-11-10.0.26200-SP0,3.13.5,3.2.6,12,13th Gen Intel(R) Core(TM) i5-1335U,0,,77.5937,12.9719,15.652114868164062,machine,0.0,0,0.0,0.0,N,1.0,0.0
2026-05-04T15:58:53,codecarbon,b917a1a9-4a07-4ee4-b68c-cd8855a73ade,5b0fa12a-3dd7-45bb-9766-cc326314d9f1,1.5055272000608966,3.090845572008465e-06,2.0529988245203705e-06,5.5303991875000005,0.0,10.0,1.5432027429416329e-06,0.0,2.789104444349909e-06,4.332307187291543e-06,0.0,India,IND,karnataka,,,Windows-11-10.0.26200-SP0,3.13.5,3.2.6,12,13th Gen Intel(R) Core(TM) i5-1335U,0,,77.5937,12.9719,15.652114868164062,machine,0.0,0,0.0,0.0,N,1.0,0.0
2026-05-04T15:58:58,codecarbon,ff62e124-f1f4-4573-b580-1b5ae91c6d51,5b0fa12a-3dd7-45bb-9766-cc326314d9f1,1.507233000011183,3.0901531810507063e-06,2.0502159792333223e-06,5.500870012000003,0.0,10.0,1.5376447478864351e-06,0.0,2.793691944356801e-06,4.331336692243236e-06,0.0,India,IND,karnataka,,,Windows-11-10.0.26200-SP0,3.13.5,3.2.6,12,13th Gen Intel(R) Core(TM) i5-1335U,0,,77.5937,12.9719,15.652114868164062,machine,0.0,0,0.0,0.0,N,1.0,0.0
2026-05-04T15:59:04,codecarbon,1d1bbcfa-13f6-4269-8f7d-ab7c48aae1a3,5b0fa12a-3dd7-45bb-9766-cc326314d9f1,1.508378900005482,3.0933384094903863e-06,2.050770141029647e-06,5.509167053500001,0.0,10.0,1.5406154585915952e-06,0.0,2.7951858333027403e-06,4.335801291894335e-06,0.0,India,IND,karnataka,,,Windows-11-10.0.26200-SP0,3.13.5,3.2.6,12,13th Gen Intel(R) Core(TM) i5-1335U,0,,77.5937,12.9719,15.652114868164062,machine,0.0,0,0.0,0.0,N,1.0,0.0
2026-05-04T15:59:10,codecarbon,386b020b-42ab-43c7-9485-d98d88e4737e,5b0fa12a-3dd7-45bb-9766-cc326314d9f1,1.5076928000198675,3.093060580437973e-06,2.0515191028286496e-06,5.505139238500001,0.0,10.0,1.539752426228417e-06,0.0,2.795659444463025e-06,4.335411870691442e-06,0.0,India,IND,karnataka,,,Windows-11-10.0.26200-SP0,3.13.5,3.2.6,12,13th Gen Intel(R) Core(TM) i5-1335U,0,,77.5937,12.9719,15.652114868164062,machine,0.0,0,0.0,0.0,N,1.0,0.0
2026-05-04T15:59:15,codecarbon,388fec95-20c2-4dfb-b4c9-544cb94f85be,5b0fa12a-3dd7-45bb-9766-cc326314d9f1,1.5267065000953153,3.150083823006381e-06,2.0633198475343595e-06,5.5039355965,0.0,10.0,1.568032265302361e-06,0.0,2.847306666727592e-06,4.415338932029953e-06,0.0,India,IND,karnataka,,,Windows-11-10.0.26200-SP0,3.13.5,3.2.6,12,13th Gen Intel(R) Core(TM) i5-1335U,0,,77.5937,12.9719,15.652114868164062,machine,0.0,0,0.0,0.0,N,1.0,0.0
2026-05-04T15:59:55,codecarbon,37f9b87a-85d7-47f3-bf8a-cd892123ab91,5b0fa12a-3dd7-45bb-9766-cc326314d9f1,35.43766679998953,0.0001051911100103,2.968341866411137e-06,5.6285965439,0.0,10.0,5.322152243899296e-05,0.0,9.42203963886843e-05,0.0001474419188276,0.0,India,IND,karnataka,,,Windows-11-10.0.26200-SP0,3.13.5,3.2.6,12,13th Gen Intel(R) Core(TM) i5-1335U,0,,77.5937,12.9719,15.652114868164062,machine,0.0,0,52.64375,8.23984444141388,N,1.0,0.0
2026-05-04T16:00:34,codecarbon,a481cbe1-f56f-48cd-8b9a-600cda798554,5b0fa12a-3dd7-45bb-9766-cc326314d9f1,35.062945600016974,0.0001042585692013,2.9734686409617404e-06,5.959637131800001,0.0,10.0,5.301575313702893e-05,0.0,9.311906277822951e-05,0.0001461348159152,0.0,India,IND,karnataka,,,Windows-11-10.0.26200-SP0,3.13.5,3.2.6,12,13th Gen Intel(R) Core(TM) i5-1335U,0,,77.5937,12.9719,15.652114868164062,machine,3.125,0,52.609375,8.23567819595337,N,1.0,0.0
2026-05-04T16:01:14,codecarbon,cd6ff956-d67d-4528-8225-a5accd49dfba,5b0fa12a-3dd7-45bb-9766-cc326314d9f1,35.86653420003131,0.0001060963122453,2.9580865453470844e-06,5.58106353145,0.0,10.0,5.332150658652344e-05,0.0,9.538919583363975e-05,0.0001487107024201,0.0,India,IND,karnataka,,,Windows-11-10.0.26200-SP0,3.13.5,3.2.6,12,13th Gen Intel(R) Core(TM) i5-1335U,0,,77.5937,12.9719,15.652114868164062,machine,0.0,0,52.61515151515152,8.237165162057588,N,1.0,0.0
2026-05-04T16:01:53,codecarbon,14e3a0cf-1258-4c77-94a9-9f9ca3eb1c30,5b0fa12a-3dd7-45bb-9766-cc326314d9f1,35.10099009994883,0.0001042543818666,2.9701265283347464e-06,5.6458488614,0.0,10.0,5.292101031679781e-05,0.0,9.320793638891904e-05,0.0001461289467057,0.0,India,IND,karnataka,,,Windows-11-10.0.26200-SP0,3.13.5,3.2.6,12,13th Gen Intel(R) Core(TM) i5-1335U,0,,77.5937,12.9719,15.652114868164062,machine,5.46875,0,53.29375,8.340518951416016,N,1.0,0.0
2026-05-04T16:02:33,codecarbon,69099bcc-f17c-4714-a352-7afe17e823b9,5b0fa12a-3dd7-45bb-9766-cc326314d9f1,35.60536430007778,0.0001063311807479,2.986380924284737e-06,6.1112325362,0.0,10.0,5.43989881973577e-05,0.0,9.464091944456516e-05,0.0001490399076419,0.0,India,IND,karnataka,,,Windows-11-10.0.26200-SP0,3.13.5,3.2.6,12,13th Gen Intel(R) Core(TM) i5-1335U,0,,77.5937,12.9719,15.652114868164062,machine,3.125,0,52.71875,8.251672148704529,N,1.0,0.0
2026-05-04T16:02:38,codecarbon,5ec4d51a-89da-4c32-96ef-7d9338956b89,5b0fa12a-3dd7-45bb-9766-cc326314d9f1,1.51379979995545,3.1099683379458763e-06,2.054411909710518e-06,5.503168000000002,0.0,10.0,1.5480929798258411e-06,0.0,2.811017777680212e-06,4.359110757506053e-06,0.0,India,IND,karnataka,,,Windows-11-10.0.26200-SP0,3.13.5,3.2.6,12,13th Gen Intel(R) Core(TM) i5-1335U,0,,77.5937,12.9719,15.652114868164062,machine,0.0,0,0.0,0.0,N,1.0,0.0
2026-05-04T16:02:44,codecarbon,e28de431-691b-4f60-bc42-9a1a71db4358,5b0fa12a-3dd7-45bb-9766-cc326314d9f1,1.5331117999739945,3.1781668901207364e-06,2.0730170429675425e-06,5.5509998995,0.0,10.0,1.5908920543375766e-06,0.0,2.863809722152332e-06,4.454701776489908e-06,0.0,India,IND,karnataka,,,Windows-11-10.0.26200-SP0,3.13.5,3.2.6,12,13th Gen Intel(R) Core(TM) i5-1335U,0,,77.5937,12.9719,15.652114868164062,machine,0.0,0,0.0,0.0,N,1.0,0.0
2026-05-04T16:02:49,codecarbon,846d23ad-f38f-4a8e-9363-56374408e8a3,5b0fa12a-3dd7-45bb-9766-cc326314d9f1,1.5133895999751985,3.1086918465028304e-06,2.054125287073319e-06,5.502309472,0.0,10.0,1.5470962757833491e-06,0.0,2.8102252777898683e-06,4.357321553573218e-06,0.0,India,IND,karnataka,,,Windows-11-10.0.26200-SP0,3.13.5,3.2.6,12,13th Gen Intel(R) Core(TM) i5-1335U,0,,77.5937,12.9719,15.652114868164062,machine,0.0,0,0.0,0.0,N,1.0,0.0
2026-05-04T16:02:55,codecarbon,fab26f3d-53c8-4039-92f2-20fdeab85091,5b0fa12a-3dd7-45bb-9766-cc326314d9f1,1.5229403999401256,3.130948941749356e-06,2.0558578273138262e-06,5.504216608,0.0,10.0,1.558468935894646e-06,0.0,2.8300494443909783e-06,4.388518380285624e-06,0.0,India,IND,karnataka,,,Windows-11-10.0.26200-SP0,3.13.5,3.2.6,12,13th Gen Intel(R) Core(TM) i5-1335U,0,,77.5937,12.9719,15.652114868164062,machine,0.0,0,0.0,0.0,N,1.0,0.0
2026-05-04T16:03:00,codecarbon,2715777e-494a-4f36-a5c2-a3b0f1041515,5b0fa12a-3dd7-45bb-9766-cc326314d9f1,1.515949499909766,3.117230403129736e-06,2.056289080418103e-06,5.504216608,0.0,10.0,1.55159829752725e-06,0.0,2.817691388837476e-06,4.3692896863647255e-06,0.0,India,IND,karnataka,,,Windows-11-10.0.26200-SP0,3.13.5,3.2.6,12,13th Gen Intel(R) Core(TM) i5-1335U,0,,77.5937,12.9719,15.652114868164062,machine,0.0,0,0.0,0.0,N,1.0,0.0
2026-05-04T16:10:56,codecarbon,dfbe7088-f160-4986-8b73-77c52f10b2e7,5b0fa12a-3dd7-45bb-9766-cc326314d9f1,25.176667500054464,4.113419312326992e-07,1.6338219950349246e-08,5.559472328850001,0.0,10.0,3.733890634060363e-05,0.0,6.713273222234825e-05,0.0001044716385629,0.0,Canada,CAN,quebec,,,Windows-11-10.0.26200-SP0,3.13.5,3.2.6,12,13th Gen Intel(R) Core(TM) i5-1335U,0,,-71.2,46.8,15.652114868164062,machine,2.272727272727273,0,54.7,8.56327316977761,N,1.0,0.0
2026-05-04T16:11:24,codecarbon,f9b5ffad-8e73-4b8a-b78c-ddc4cc452448,5b0fa12a-3dd7-45bb-9766-cc326314d9f1,26.60635969997384,4.361914655764478e-07,1.6394255752953557e-08,5.59020489385,0.0,10.0,3.971441211613477e-05,0.0,7.10684516667647e-05,0.0001107828637828,0.0,Canada,CAN,quebec,,,Windows-11-10.0.26200-SP0,3.13.5,3.2.6,12,13th Gen Intel(R) Core(TM) i5-1335U,0,,-71.2,46.8,15.652114868164062,machine,4.166666666666667,0,54.70416666666667,8.564998785654703,N,1.0,0.0
2026-05-04T16:11:52,codecarbon,fb24db0c-ea03-443b-8bcf-cb373be7f51d,5b0fa12a-3dd7-45bb-9766-cc326314d9f1,27.054428400006145,4.429509282646871e-07,1.6372584987402156e-08,5.5494869041,0.0,10.0,4.01590331502929e-05,0.0,7.234058277778483e-05,0.000112499615928,0.0,Canada,CAN,quebec,,,Windows-11-10.0.26200-SP0,3.13.5,3.2.6,12,13th Gen Intel(R) Core(TM) i5-1335U,0,,-71.2,46.8,15.652114868164062,machine,8.333333333333334,0,54.770833333333336,8.570099830627441,N,1.0,0.0
2026-05-04T16:12:21,codecarbon,9a7e0a08-edd5-40f0-8041-185b4467b8f2,5b0fa12a-3dd7-45bb-9766-cc326314d9f1,27.261541199986823,4.475431982455488e-07,1.6416650656778172e-08,5.590834349650001,0.0,10.0,4.074392160438097e-05,0.0,7.292202805531108e-05,0.0001136659496596,0.0,Canada,CAN,quebec,,,Windows-11-10.0.26200-SP0,3.13.5,3.2.6,12,13th Gen Intel(R) Core(TM) i5-1335U,0,,-71.2,46.8,15.652114868164062,machine,0.0,0,54.712500000000006,8.562607924143473,N,1.0,0.0
2026-05-04T16:12:50,codecarbon,49efa377-828d-4771-b4ce-9492e7406a7d,5b0fa12a-3dd7-45bb-9766-cc326314d9f1,27.432259500026703,4.500826758536794e-07,1.6407058115400273e-08,5.5733806657,0.0,10.0,4.091767398965834e-05,0.0,7.339324611109784e-05,0.0001143109201007,0.0,Canada,CAN,quebec,,,Windows-11-10.0.26200-SP0,3.13.5,3.2.6,12,13th Gen Intel(R) Core(TM) i5-1335U,0,,-71.2,46.8,15.652114868164062,machine,0.0,0,54.62083333333334,8.550720373789469,N,1.0,0.0
2026-05-04T16:12:53,codecarbon,241b91a1-e9cd-4ce7-8a3f-1c1994959748,5b0fa12a-3dd7-45bb-9766-cc326314d9f1,1.5210775000741703,1.7296723372986942e-08,1.1371362321869541e-08,5.5017788815,0.0,10.0,1.5594401001925749e-06,0.0,2.833540277788416e-06,4.392980377980991e-06,0.0,Canada,CAN,quebec,,,Windows-11-10.0.26200-SP0,3.13.5,3.2.6,12,13th Gen Intel(R) Core(TM) i5-1335U,0,,-71.2,46.8,15.652114868164062,machine,0.0,0,0.0,0.0,N,1.0,0.0
2026-05-04T16:12:56,codecarbon,01e9c5e3-76da-48aa-a96b-7ad83c761cdd,5b0fa12a-3dd7-45bb-9766-cc326314d9f1,1.5236831000074744,1.732417527406987e-08,1.1369933337178113e-08,5.503168000000002,0.0,10.0,1.5621772683746871e-06,0.0,2.8377752776982056e-06,4.399952546072893e-06,0.0,Canada,CAN,quebec,,,Windows-11-10.0.26200-SP0,3.13.5,3.2.6,12,13th Gen Intel(R) Core(TM) i5-1335U,0,,-71.2,46.8,15.652114868164062,machine,0.0,0,0.0,0.0,N,1.0,0.0
2026-05-04T16:12:59,codecarbon,05c7cac4-e991-4916-bc65-ca40c25ccbe8,5b0fa12a-3dd7-45bb-9766-cc326314d9f1,1.5204457000363618,1.7285601240611705e-08,1.1368772485724624e-08,5.510692000000002,0.0,10.0,1.5600583832277756e-06,0.0,2.830097222209184e-06,4.39015560543696e-06,0.0,Canada,CAN,quebec,,,Windows-11-10.0.26200-SP0,3.13.5,3.2.6,12,13th Gen Intel(R) Core(TM) i5-1335U,0,,-71.2,46.8,15.652114868164062,machine,0.0,0,0.0,0.0,N,1.0,0.0
2026-05-04T16:13:02,codecarbon,92ccb7fc-ac97-4819-be16-cf5d201c926c,5b0fa12a-3dd7-45bb-9766-cc326314d9f1,1.525362899992615,1.7359416974412687e-08,1.1380516055882002e-08,5.505474304000002,0.0,10.0,1.5657917600291274e-06,0.0,2.8431113886957365e-06,4.408903148724864e-06,0.0,Canada,CAN,quebec,,,Windows-11-10.0.26200-SP0,3.13.5,3.2.6,12,13th Gen Intel(R) Core(TM) i5-1335U,0,,-71.2,46.8,15.652114868164062,machine,0.0,0,0.0,0.0,N,1.0,0.0
2026-05-04T16:13:05,codecarbon,582e8793-a48a-4262-b3b6-b3943b91cb4a,5b0fa12a-3dd7-45bb-9766-cc326314d9f1,1.5199773999629542,1.7284635924050174e-08,1.1371640081274529e-08,5.514231052,0.0,10.0,1.560627103381434e-06,0.0,2.8292833332670853e-06,4.389910436648519e-06,0.0,Canada,CAN,quebec,,,Windows-11-10.0.26200-SP0,3.13.5,3.2.6,12,13th Gen Intel(R) Core(TM) i5-1335U,0,,-71.2,46.8,15.652114868164062,machine,0.0,0,0.0,0.0,N,1.0,0.0
2026-05-04T16:13:08,codecarbon,cbf92511-9423-40ba-bd83-20085f19622b,5b0fa12a-3dd7-45bb-9766-cc326314d9f1,1.520835699979216,1.7287500533083807e-08,1.1367105949262016e-08,5.501336500000001,0.0,10.0,1.558494094252231e-06,0.0,2.8321438889381376e-06,4.390637983190368e-06,0.0,Canada,CAN,quebec,,,Windows-11-10.0.26200-SP0,3.13.5,3.2.6,12,13th Gen Intel(R) Core(TM) i5-1335U,0,,-71.2,46.8,15.652114868164062,machine,0.0,0,0.0,0.0,N,1.0,0.0
2026-05-04T16:13:11,codecarbon,e81105cf-d505-4b2e-8543-e0626ce27ad0,5b0fa12a-3dd7-45bb-9766-cc326314d9f1,1.517801900045015,1.7231634017346137e-08,1.1353019136973726e-08,5.500870012000003,0.0,10.0,1.5533783058209191e-06,0.0,2.823070833498301e-06,4.37644913931922e-06,0.0,Canada,CAN,quebec,,,Windows-11-10.0.26200-SP0,3.13.5,3.2.6,12,13th Gen Intel(R) Core(TM) i5-1335U,0,,-71.2,46.8,15.652114868164062,machine,0.0,0,0.0,0.0,N,1.0,0.0
2026-05-04T16:13:14,codecarbon,471e299d-bf98-4172-9ae2-e781b2bcc657,5b0fa12a-3dd7-45bb-9766-cc326314d9f1,1.5173038999782875,1.7233198226694842e-08,1.1357776268117053e-08,5.5148877685,0.0,10.0,1.5561014135462225e-06,0.0,2.820744999917224e-06,4.376846413463446e-06,0.0,Canada,CAN,quebec,,,Windows-11-10.0.26200-SP0,3.13.5,3.2.6,12,13th Gen Intel(R) Core(TM) i5-1335U,0,,-71.2,46.8,15.652114868164062,machine,0.0,0,0.0,0.0,N,1.0,0.0
2026-05-04T16:13:17,codecarbon,9292d7be-7608-40ba-b071-99ec56f2c018,5b0fa12a-3dd7-45bb-9766-cc326314d9f1,1.519870899966918,1.7226027008212858e-08,1.1333875139387041e-08,5.502716164,0.0,10.0,1.553203695650024e-06,0.0,2.8218213889178715e-06,4.375025084567895e-06,0.0,Canada,CAN,quebec,,,Windows-11-10.0.26200-SP0,3.13.5,3.2.6,12,13th Gen Intel(R) Core(TM) i5-1335U,0,,-71.2,46.8,15.652114868164062,machine,0.0,0,0.0,0.0,N,1.0,0.0
2026-05-04T16:13:20,codecarbon,d24767d9-7210-4bea-981e-c8bd55e897a1,5b0fa12a-3dd7-45bb-9766-cc326314d9f1,1.5182662000879643,1.7332204197713962e-08,1.1415787426941193e-08,5.577264352,0.0,10.0,1.5764167127176282e-06,0.0,2.825575000153751e-06,4.401991712871379e-06,0.0,Canada,CAN,quebec,,,Windows-11-10.0.26200-SP0,3.13.5,3.2.6,12,13th Gen Intel(R) Core(TM) i5-1335U,0,,-71.2,46.8,15.652114868164062,machine,0.0,0,0.0,0.0,N,1.0,0.0
2026-05-04T16:13:23,codecarbon,e15594a2-2877-4c83-bfba-50d3b4e1af5b,5b0fa12a-3dd7-45bb-9766-cc326314d9f1,1.5083353000227362,1.7121368315129565e-08,1.1351168612755722e-08,5.5509998995,0.0,10.0,1.5526846760935805e-06,0.0,2.795759444254348e-06,4.348444120347928e-06,0.0,Canada,CAN,quebec,,,Windows-11-10.0.26200-SP0,3.13.5,3.2.6,12,13th Gen Intel(R) Core(TM) i5-1335U,0,,-71.2,46.8,15.652114868164062,machine,0.0,0,0.0,0.0,N,1.0,0.0
2026-05-04T16:13:26,codecarbon,3a1ad331-77fb-418b-843c-5301b8384ad2,5b0fa12a-3dd7-45bb-9766-cc326314d9f1,1.5087944000260904,1.7073475764109083e-08,1.1315972384185577e-08,5.514231052,0.0,10.0,1.5416593739543032e-06,0.0,2.794621110984331e-06,4.336280484938634e-06,0.0,Canada,CAN,quebec,,,Windows-11-10.0.26200-SP0,3.13.5,3.2.6,12,13th Gen Intel(R) Core(TM) i5-1335U,0,,-71.2,46.8,15.652114868164062,machine,0.0,0,0.0,0.0,N,1.0,0.0
2026-05-04T16:13:29,codecarbon,3955e370-2fb1-4b81-8ac9-3e596aae095e,5b0fa12a-3dd7-45bb-9766-cc326314d9f1,1.5069865999976173,1.708082334886625e-08,1.1334422846821104e-08,5.5283034565,0.0,10.0,1.5448188290907998e-06,0.0,2.793327777827572e-06,4.3381466069183725e-06,0.0,Canada,CAN,quebec,,,Windows-11-10.0.26200-SP0,3.13.5,3.2.6,12,13th Gen Intel(R) Core(TM) i5-1335U,0,,-71.2,46.8,15.652114868164062,machine,0.0,0,0.0,0.0,N,1.0,0.0
2026-05-04T16:13:32,codecarbon,5880b031-9dd4-46b7-a53a-806303f8581f,5b0fa12a-3dd7-45bb-9766-cc326314d9f1,1.5061520000454038,1.7030660547055458e-08,1.1307398288182108e-08,5.500396,0.0,10.0,1.535269156419682e-06,0.0,2.790137222230745e-06,4.325406378650427e-06,0.0,Canada,CAN,quebec,,,Windows-11-10.0.26200-SP0,3.13.5,3.2.6,12,13th Gen Intel(R) Core(TM) i5-1335U,0,,-71.2,46.8,15.652114868164062,machine,0.0,0,0.0,0.0,N,1.0,0.0
2026-05-04T16:13:35,codecarbon,f5b5652a-67e3-479d-a80f-b27be85c3b94,5b0fa12a-3dd7-45bb-9766-cc326314d9f1,1.506285100011155,1.7033342861904597e-08,1.1308179880275292e-08,5.5004584195,0.0,10.0,1.535524015419268e-06,0.0,2.79056361113261e-06,4.326087626551878e-06,0.0,Canada,CAN,quebec,,,Windows-11-10.0.26200-SP0,3.13.5,3.2.6,12,13th Gen Intel(R) Core(TM) i5-1335U,0,,-71.2,46.8,15.652114868164062,machine,0.0,0,0.0,0.0,N,1.0,0.0
2026-05-04T16:13:47,codecarbon,1eb8e3b0-a618-4082-b9ef-8dbed8c33232,5b0fa12a-3dd7-45bb-9766-cc326314d9f1,10.75742869998794,1.74421941658351e-07,1.6214092281973157e-08,5.549415547500001,0.0,10.0,1.5810125349102062e-05,0.0,2.848914166647268e-05,4.429926701557475e-05,0.0,Canada,CAN,quebec,,,Windows-11-10.0.26200-SP0,3.13.5,3.2.6,12,13th Gen Intel(R) Core(TM) i5-1335U,0,,-71.2,46.8,15.652114868164062,machine,0.0,0,54.575,8.540331840515137,N,1.0,0.0
2026-05-04T16:13:59,codecarbon,13e1f4b2-002e-4ae5-acd6-8ed8ebe7369f,5b0fa12a-3dd7-45bb-9766-cc326314d9f1,10.895011299988257,1.7668732021588161e-07,1.6217268192835383e-08,5.542084416000001,0.0,10.0,1.6001874936174128e-05,0.0,2.8872747500039017e-05,4.487462243621314e-05,0.0,Canada,CAN,quebec,,,Windows-11-10.0.26200-SP0,3.13.5,3.2.6,12,13th Gen Intel(R) Core(TM) i5-1335U,0,,-71.2,46.8,15.652114868164062,machine,0.0,0,54.55,8.539169788360596,N,1.0,0.0
2026-05-04T16:14:12,codecarbon,73e49a4c-672c-496e-b9df-5746ba294f5c,5b0fa12a-3dd7-45bb-9766-cc326314d9f1,10.965955399908124,1.7781756763354708e-07,1.6215419555238833e-08,5.536366867900001,0.0,10.0,1.6093549968572988e-05,0.0,2.906812999992528e-05,4.5161679968498266e-05,0.0,Canada,CAN,quebec,,,Windows-11-10.0.26200-SP0,3.13.5,3.2.6,12,13th Gen Intel(R) Core(TM) i5-1335U,0,,-71.2,46.8,15.652114868164062,machine,0.0,0,54.577777777777776,8.540957556830513,N,1.0,0.0
2026-05-04T16:14:24,codecarbon,d1cf2863-c6cd-45c8-8ac5-8d0ad4dba5bb,5b0fa12a-3dd7-45bb-9766-cc326314d9f1,11.169302199967206,1.823038820082802e-07,1.6321868523605304e-08,5.6243605181500005,0.0,10.0,1.666734807109056e-05,0.0,2.963375527793283e-05,4.630110334902339e-05,0.0,Canada,CAN,quebec,,,Windows-11-10.0.26200-SP0,3.13.5,3.2.6,12,13th Gen Intel(R) Core(TM) i5-1335U,0,,-71.2,46.8,15.652114868164062,machine,0.0,0,54.54444444444445,8.536700778537327,N,1.0,0.0
2026-05-04T16:14:37,codecarbon,592ac80b-ff51-44d6-b3cf-af286b4bdb88,5b0fa12a-3dd7-45bb-9766-cc326314d9f1,11.373974399990402,2.016788250683211e-07,1.7731605327728832e-08,6.9591163411,0.0,10.0,2.1018995263956964e-05,0.0,3.020290972199291e-05,5.122190498594987e-05,0.0,Canada,CAN,quebec,,,Windows-11-10.0.26200-SP0,3.13.5,3.2.6,12,13th Gen Intel(R) Core(TM) i5-1335U,0,,-71.2,46.8,15.652114868164062,machine,0.0,0,55.1,8.622843000623915,N,1.0,0.0
2026-05-04T16:14:40,codecarbon,f67161f6-3811-4ea2-89bd-2b5c32b91380,5b0fa12a-3dd7-45bb-9766-cc326314d9f1,1.5131434000795707,1.7619472276206345e-08,1.164428452404432e-08,5.920238368,0.0,10.0,1.6643291491159906e-06,0.0,2.8106222223464604e-06,4.4749513714624514e-06,0.0,Canada,CAN,quebec,,,Windows-11-10.0.26200-SP0,3.13.5,3.2.6,12,13th Gen Intel(R) Core(TM) i5-1335U,0,,-71.2,46.8,15.652114868164062,machine,0.0,0,0.0,0.0,N,1.0,0.0
2026-05-04T16:14:43,codecarbon,79ae0664-25e6-409c-8a2b-f9abb5ef47a1,5b0fa12a-3dd7-45bb-9766-cc326314d9f1,1.5092123999493197,1.7308850780513135e-08,1.146879708985586e-08,5.702752,0.0,10.0,1.5967179679708276e-06,0.0,2.7993424999294803e-06,4.396060467900308e-06,0.0,Canada,CAN,quebec,,,Windows-11-10.0.26200-SP0,3.13.5,3.2.6,12,13th Gen Intel(R) Core(TM) i5-1335U,0,,-71.2,46.8,15.652114868164062,machine,0.0,0,0.0,0.0,N,1.0,0.0
2026-05-04T16:14:46,codecarbon,bb0f8ce1-2260-4131-8453-2aff37429c18,5b0fa12a-3dd7-45bb-9766-cc326314d9f1,1.510305600007996,1.7918395213671928e-08,1.1864085794012194e-08,6.236903332000001,0.0,10.0,1.7484113809417362e-06,0.0,2.80245972228133e-06,4.550871103223067e-06,0.0,Canada,CAN,quebec,,,Windows-11-10.0.26200-SP0,3.13.5,3.2.6,12,13th Gen Intel(R) Core(TM) i5-1335U,0,,-71.2,46.8,15.652114868164062,machine,0.0,0,0.0,0.0,N,1.0,0.0
2026-05-04T16:14:49,codecarbon,4f1395b7-27fd-415f-87ac-d1a152fda584,5b0fa12a-3dd7-45bb-9766-cc326314d9f1,1.5105470000999048,1.740221597359862e-08,1.1520473028940952e-08,5.7652890625,0.0,10.0,1.616597302690001e-06,0.0,2.8031758333478747e-06,4.419773136037876e-06,0.0,Canada,CAN,quebec,,,Windows-11-10.0.26200-SP0,3.13.5,3.2.6,12,13th Gen Intel(R) Core(TM) i5-1335U,0,,-71.2,46.8,15.652114868164062,machine,0.0,0,0.0,0.0,N,1.0,0.0
2026-05-04T16:14:52,codecarbon,860a28ee-5a5d-4258-aa10-47d2537fd447,5b0fa12a-3dd7-45bb-9766-cc326314d9f1,1.5096344000194222,1.737979298620674e-08,1.1512584097171568e-08,5.760767188,0.0,10.0,1.6137493105097991e-06,0.0,2.800328888891576e-06,4.414078199401375e-06,0.0,Canada,CAN,quebec,,,Windows-11-10.0.26200-SP0,3.13.5,3.2.6,12,13th Gen Intel(R) Core(TM) i5-1335U,0,,-71.2,46.8,15.652114868164062,machine,0.0,0,0.0,0.0,N,1.0,0.0
2026-05-04T18:28:18,codecarbon,45425912-f051-400a-ab2a-73753b865111,5b0fa12a-3dd7-45bb-9766-cc326314d9f1,26.75140549999196,7.956137032408142e-05,2.974100569187116e-06,5.594859917500001,0.0,10.0,4.0022954125658544e-05,0.0,7.14948452776298e-05,0.0001115177994032,0.0,India,IND,karnataka,,,Windows-11-10.0.26200-SP0,3.13.5,3.2.6,12,13th Gen Intel(R) Core(TM) i5-1335U,0,,77.5937,12.9719,15.652114868164062,machine,4.166666666666667,0,54.71666666666667,8.565129915873209,N,1.0,0.0
2026-05-04T18:28:48,codecarbon,d2289402-1085-4f5f-8b0a-174d22701150,5b0fa12a-3dd7-45bb-9766-cc326314d9f1,27.705100400024094,8.284222025406708e-05,2.9901432970080496e-06,5.664626105462501,0.0,10.0,4.195646653200882e-05,0.0,7.415996111101574e-05,0.000116116427643,0.0,India,IND,karnataka,,,Windows-11-10.0.26200-SP0,3.13.5,3.2.6,12,13th Gen Intel(R) Core(TM) i5-1335U,0,,77.5937,12.9719,15.652114868164062,machine,0.0,0,54.428,8.517672882080078,N,1.0,0.0
2026-05-04T18:29:19,codecarbon,dcd1e108-73c9-4caa-867d-4752cd5a42c6,5b0fa12a-3dd7-45bb-9766-cc326314d9f1,28.70375300000888,8.666705584505902e-05,3.019363211668949e-06,5.772453864100001,0.0,10.0,4.454943446345802e-05,0.0,7.692810305549454e-05,0.0001214775375189,0.0,India,IND,karnataka,,,Windows-11-10.0.26200-SP0,3.13.5,3.2.6,12,13th Gen Intel(R) Core(TM) i5-1335U,0,,77.5937,12.9719,15.652114868164062,machine,3.8461538461538463,0,55.39615384615384,8.669517957247221,N,1.0,0.0
2026-05-04T18:29:50,codecarbon,70b20bfa-0363-4579-8b4d-7f4ab0e90b46,5b0fa12a-3dd7-45bb-9766-cc326314d9f1,28.61261559999548,8.596277376588547e-05,3.004366149800686e-06,5.730925076926924,0.0,10.0,4.381883352308148e-05,0.0,7.66715416668578e-05,0.0001204903751899,0.0,India,IND,karnataka,,,Windows-11-10.0.26200-SP0,3.13.5,3.2.6,12,13th Gen Intel(R) Core(TM) i5-1335U,0,,77.5937,12.9719,15.652114868164062,machine,0.0,0,53.79615384615385,8.420928368201622,N,1.0,0.0
2026-05-04T18:30:21,codecarbon,362f6f0f-2581-4954-9396-a2901b28839d,5b0fa12a-3dd7-45bb-9766-cc326314d9f1,28.75398339994717,8.598395250032013e-05,2.9903318543502427e-06,5.632250422150001,0.0,10.0,4.345104107959479e-05,0.0,7.706901944442912e-05,0.000120520060524,0.0,India,IND,karnataka,,,Windows-11-10.0.26200-SP0,3.13.5,3.2.6,12,13th Gen Intel(R) Core(TM) i5-1335U,0,,77.5937,12.9719,15.652114868164062,machine,3.8461538461538463,0,54.315384615384616,8.50171632033128,N,1.0,0.0
2026-05-04T18:30:25,codecarbon,0f0bdc93-9e06-48a6-8d29-1eaf80105f1e,5b0fa12a-3dd7-45bb-9766-cc326314d9f1,1.5140585999470204,3.1136946596770005e-06,2.0565218940574387e-06,5.5135939375,0.0,10.0,1.551449062569612e-06,0.0,2.8128847221119537e-06,4.3643337846815655e-06,0.0,India,IND,karnataka,,,Windows-11-10.0.26200-SP0,3.13.5,3.2.6,12,13th Gen Intel(R) Core(TM) i5-1335U,0,,77.5937,12.9719,15.652114868164062,machine,0.0,0,0.0,0.0,N,1.0,0.0
2026-05-04T18:30:29,codecarbon,0477e175-917d-461a-8d37-c7b0312e7ac6,5b0fa12a-3dd7-45bb-9766-cc326314d9f1,1.5185616000089794,3.126623677137136e-06,2.0589376664856056e-06,5.5253440000000005,0.0,10.0,1.5600483403040337e-06,0.0,2.822407499964659e-06,4.382455840268692e-06,0.0,India,IND,karnataka,,,Windows-11-10.0.26200-SP0,3.13.5,3.2.6,12,13th Gen Intel(R) Core(TM) i5-1335U,0,,77.5937,12.9719,15.652114868164062,machine,0.0,0,0.0,0.0,N,1.0,0.0
2026-05-04T18:30:33,codecarbon,ae5f97cd-5d3d-4f68-ab80-fd058b7b587c,5b0fa12a-3dd7-45bb-9766-cc326314d9f1,1.515248000039719,3.1234034757344123e-06,2.061315029389604e-06,5.5509998995,0.0,10.0,1.563085553801673e-06,0.0,2.8148566666964653e-06,4.377942220498139e-06,0.0,India,IND,karnataka,,,Windows-11-10.0.26200-SP0,3.13.5,3.2.6,12,13th Gen Intel(R) Core(TM) i5-1335U,0,,77.5937,12.9719,15.652114868164062,machine,0.0,0,0.0,0.0,N,1.0,0.0
2026-05-04T18:30:37,codecarbon,bda236be-02a5-4705-9c57-9647fa63153f,5b0fa12a-3dd7-45bb-9766-cc326314d9f1,1.5172667999286205,3.130148005967669e-06,2.063017530018403e-06,5.562355744,0.0,10.0,1.5685365761071234e-06,0.0,2.8188591664527646e-06,4.387395742559888e-06,0.0,India,IND,karnataka,,,Windows-11-10.0.26200-SP0,3.13.5,3.2.6,12,13th Gen Intel(R) Core(TM) i5-1335U,0,,77.5937,12.9719,15.652114868164062,machine,0.0,0,0.0,0.0,N,1.0,0.0
2026-05-04T18:30:40,codecarbon,29a9a338-8f2b-46d9-8b37-1f457cc8278d,5b0fa12a-3dd7-45bb-9766-cc326314d9f1,1.5103690999094397,3.1164279470467814e-06,2.063355207169982e-06,5.581330084,0.0,10.0,1.5649165844439895e-06,0.0,2.803248333253173e-06,4.368164917697163e-06,0.0,India,IND,karnataka,,,Windows-11-10.0.26200-SP0,3.13.5,3.2.6,12,13th Gen Intel(R) Core(TM) i5-1335U,0,,77.5937,12.9719,15.652114868164062,machine,0.0,0,0.0,0.0,N,1.0,0.0
2026-05-04T18:30:44,codecarbon,4a306cd9-6d10-4bd4-b5f9-27248f525d92,5b0fa12a-3dd7-45bb-9766-cc326314d9f1,1.5249644999857992,3.1909618039696063e-06,2.0924826800881733e-06,5.7389270455000005,0.0,10.0,1.6312297538629116e-06,0.0,2.8414061108681685e-06,4.47263586473108e-06,0.0,India,IND,karnataka,,,Windows-11-10.0.26200-SP0,3.13.5,3.2.6,12,13th Gen Intel(R) Core(TM) i5-1335U,0,,77.5937,12.9719,15.652114868164062,machine,0.0,0,0.0,0.0,N,1.0,0.0
2026-05-04T18:30:48,codecarbon,5d5527f0-84bb-4969-a436-909d5e1d3342,5b0fa12a-3dd7-45bb-9766-cc326314d9f1,1.5221502999775112,3.137698598227616e-06,2.0613592483435924e-06,5.5253440000000005,0.0,10.0,1.565567698552885e-06,0.0,2.832411389034759e-06,4.397979087587644e-06,0.0,India,IND,karnataka,,,Windows-11-10.0.26200-SP0,3.13.5,3.2.6,12,13th Gen Intel(R) Core(TM) i5-1335U,0,,77.5937,12.9719,15.652114868164062,machine,0.0,0,0.0,0.0,N,1.0,0.0
2026-05-04T18:30:52,codecarbon,788d0310-8d3d-4f56-af27-b2243118820e,5b0fa12a-3dd7-45bb-9766-cc326314d9f1,1.518860699958168,3.134394164348332e-06,2.063648209763185e-06,5.5373017645,0.0,10.0,1.5660404581984653e-06,0.0,2.827306944527663e-06,4.393347402726129e-06,0.0,India,IND,karnataka,,,Windows-11-10.0.26200-SP0,3.13.5,3.2.6,12,13th Gen Intel(R) Core(TM) i5-1335U,0,,77.5937,12.9719,15.652114868164062,machine,0.0,0,0.0,0.0,N,1.0,0.0
2026-05-04T18:30:56,codecarbon,7c4bea63-3436-4a1e-a0f9-0bdf53bee7b5,5b0fa12a-3dd7-45bb-9766-cc326314d9f1,1.5200813999399545,3.1327836247651848e-06,2.0609314901747595e-06,5.514231052,0.0,10.0,1.561046644445528e-06,0.0,2.8300433332333343e-06,4.391089977678862e-06,0.0,India,IND,karnataka,,,Windows-11-10.0.26200-SP0,3.13.5,3.2.6,12,13th Gen Intel(R) Core(TM) i5-1335U,0,,77.5937,12.9719,15.652114868164062,machine,0.0,0,0.0,0.0,N,1.0,0.0
2026-05-04T18:30:59,codecarbon,962c0488-e4fb-4912-b41e-00c527a269b8,5b0fa12a-3dd7-45bb-9766-cc326314d9f1,1.517744799959473,3.130803770644886e-06,2.0627998664389987e-06,5.5398156715,0.0,10.0,1.5647487892602209e-06,0.0,2.8235661108434822e-06,4.388314900103703e-06,0.0,India,IND,karnataka,,,Windows-11-10.0.26200-SP0,3.13.5,3.2.6,12,13th Gen Intel(R) Core(TM) i5-1335U,0,,77.5937,12.9719,15.652114868164062,machine,0.0,0,0.0,0.0,N,1.0,0.0
2026-05-04T18:31:03,codecarbon,6f981a7d-835a-497b-ae43-e7659f0e806c,5b0fa12a-3dd7-45bb-9766-cc326314d9f1,1.5068138999631628,3.104036684819468e-06,2.060000033776801e-06,5.577264352,0.0,10.0,1.558256055387392e-06,0.0,2.792540555431818e-06,4.35079661081921e-06,0.0,India,IND,karnataka,,,Windows-11-10.0.26200-SP0,3.13.5,3.2.6,12,13th Gen Intel(R) Core(TM) i5-1335U,0,,77.5937,12.9719,15.652114868164062,machine,0.0,0,0.0,0.0,N,1.0,0.0
2026-05-04T18:31:07,codecarbon,493a99b2-653b-4f67-b8e7-decd2ef4dd10,5b0fa12a-3dd7-45bb-9766-cc326314d9f1,1.507443799986504,3.0951842556096373e-06,2.053266765658095e-06,5.523490324,0.0,10.0,1.5440288137675975e-06,0.0,2.7943597223687296e-06,4.338388536136327e-06,0.0,India,IND,karnataka,,,Windows-11-10.0.26200-SP0,3.13.5,3.2.6,12,13th Gen Intel(R) Core(TM) i5-1335U,0,,77.5937,12.9719,15.652114868164062,machine,0.0,0,0.0,0.0,N,1.0,0.0
2026-05-04T18:31:11,codecarbon,8f4bf8ec-6c33-402d-9793-1b6d075dde88,5b0fa12a-3dd7-45bb-9766-cc326314d9f1,1.5072871999582276,3.08965374162206e-06,2.0498109064468173e-06,5.515564384,0.0,10.0,1.539976371283602e-06,0.0,2.790660277888593e-06,4.330636649172195e-06,0.0,India,IND,karnataka,,,Windows-11-10.0.26200-SP0,3.13.5,3.2.6,12,13th Gen Intel(R) Core(TM) i5-1335U,0,,77.5937,12.9719,15.652114868164062,machine,0.0,0,0.0,0.0,N,1.0,0.0
2026-05-04T18:31:15,codecarbon,bb4baf46-97f1-4024-850d-5b53ec46df3e,5b0fa12a-3dd7-45bb-9766-cc326314d9f1,1.505449500051327,3.0933117127318206e-06,2.054742927362463e-06,5.5398156715,0.0,10.0,1.5460135944294909e-06,0.0,2.789750277750298e-06,4.335763872179789e-06,0.0,India,IND,karnataka,,,Windows-11-10.0.26200-SP0,3.13.5,3.2.6,12,13th Gen Intel(R) Core(TM) i5-1335U,0,,77.5937,12.9719,15.652114868164062,machine,0.0,0,0.0,0.0,N,1.0,0.0
2026-05-04T18:31:19,codecarbon,3ee598b2-ca1b-454f-b539-a9a199f90ea9,5b0fa12a-3dd7-45bb-9766-cc326314d9f1,1.5075771999545395,3.103097512760005e-06,2.0583340692958064e-06,5.573336428,0.0,10.0,1.556933824354526e-06,0.0,2.792546388809569e-06,4.349480213164095e-06,0.0,India,IND,karnataka,,,Windows-11-10.0.26200-SP0,3.13.5,3.2.6,12,13th Gen Intel(R) Core(TM) i5-1335U,0,,77.5937,12.9719,15.652114868164062,machine,0.0,0,0.0,0.0,N,1.0,0.0
2026-05-04T18:31:32,codecarbon,8ccba421-1cb9-4374-b84c-c50707343a3e,5b0fa12a-3dd7-45bb-9766-cc326314d9f1,11.000707399914972,3.244209927996726e-05,2.949092099315178e-06,5.5912068982,0.0,10.0,1.6307308913851915e-05,0.0,2.916540611089052e-05,4.547271502474243e-05,0.0,India,IND,karnataka,,,Windows-11-10.0.26200-SP0,3.13.5,3.2.6,12,13th Gen Intel(R) Core(TM) i5-1335U,0,,77.5937,12.9719,15.652114868164062,machine,0.0,0,53.95555555555556,8.445521884494358,N,1.0,0.0
2026-05-04T18:31:45,codecarbon,f2f3adc6-f6e6-4839-90e5-060cffc92a3b,5b0fa12a-3dd7-45bb-9766-cc326314d9f1,10.972724299994296,3.2804300144919647e-05,2.989622198466856e-06,5.8077763381,0.0,10.0,1.6893412175248992e-05,0.0,2.908698444468125e-05,4.598039661993024e-05,0.0,India,IND,karnataka,,,Windows-11-10.0.26200-SP0,3.13.5,3.2.6,12,13th Gen Intel(R) Core(TM) i5-1335U,0,,77.5937,12.9719,15.652114868164062,machine,0.0,0,54.24444444444444,8.48699696858724,N,1.0,0.0
2026-05-04T18:31:59,codecarbon,9466b6e9-1fa6-4dcc-abce-bcb94e5372dc,5b0fa12a-3dd7-45bb-9766-cc326314d9f1,11.382435300038196,3.3701599532884365e-05,2.960842617991536e-06,5.6278203058,0.0,10.0,1.701140784889957e-05,0.0,3.0226695277896297e-05,4.723810312679586e-05,0.0,India,IND,karnataka,,,Windows-11-10.0.26200-SP0,3.13.5,3.2.6,12,13th Gen Intel(R) Core(TM) i5-1335U,0,,77.5937,12.9719,15.652114868164062,machine,0.0,0,54.388888888888886,8.511085510253906,N,1.0,0.0
2026-05-04T18:32:13,codecarbon,f80b4878-988a-4943-9eff-5317ca32c361,5b0fa12a-3dd7-45bb-9766-cc326314d9f1,11.326799299917184,3.3483254159436184e-05,2.9561090713138176e-06,5.606715540250001,0.0,10.0,1.6860554063800802e-05,0.0,3.007150361081585e-05,4.693205767461666e-05,0.0,India,IND,karnataka,,,Windows-11-10.0.26200-SP0,3.13.5,3.2.6,12,13th Gen Intel(R) Core(TM) i5-1335U,0,,77.5937,12.9719,15.652114868164062,machine,0.0,0,54.333333333333336,8.506275600857204,N,1.0,0.0
2026-05-04T18:32:26,codecarbon,43a07aeb-ba37-4ec4-807e-f063dbaf3c6f,5b0fa12a-3dd7-45bb-9766-cc326314d9f1,11.306434299913237,3.3414193746501395e-05,2.955325512903552e-06,5.60596632805,0.0,10.0,1.682439723333366e-05,0.0,3.001086138861461e-05,4.6835258621948274e-05,0.0,India,IND,karnataka,,,Windows-11-10.0.26200-SP0,3.13.5,3.2.6,12,13th Gen Intel(R) Core(TM) i5-1335U,0,,77.5937,12.9719,15.652114868164062,machine,0.0,0,54.24444444444444,8.492047203911675,N,1.0,0.0
2026-05-04T18:32:30,codecarbon,7e3c6452-675b-42b3-88ad-b00deedc980e,5b0fa12a-3dd7-45bb-9766-cc326314d9f1,1.5136775999562817,3.1136614723308387e-06,2.057017605612165e-06,5.526306329500001,0.0,10.0,1.5536028229898627e-06,0.0,2.810684444395721e-06,4.364287267385584e-06,0.0,India,IND,karnataka,,,Windows-11-10.0.26200-SP0,3.13.5,3.2.6,12,13th Gen Intel(R) Core(TM) i5-1335U,0,,77.5937,12.9719,15.652114868164062,machine,0.0,0,0.0,0.0,N,1.0,0.0
2026-05-04T18:32:34,codecarbon,f8f8629c-c44f-491e-ae37-435f7186ea3b,5b0fa12a-3dd7-45bb-9766-cc326314d9f1,1.5135285999858752,3.132050073099451e-06,2.0693695997080467e-06,5.616455531500001,0.0,10.0,1.5793717894178095e-06,0.0,2.81068999999358e-06,4.390061789411389e-06,0.0,India,IND,karnataka,,,Windows-11-10.0.26200-SP0,3.13.5,3.2.6,12,13th Gen Intel(R) Core(TM) i5-1335U,0,,77.5937,12.9719,15.652114868164062,machine,0.0,0,0.0,0.0,N,1.0,0.0
2026-05-04T18:32:38,codecarbon,f433a7cb-1c12-43a2-ab1a-2935a0609f28,5b0fa12a-3dd7-45bb-9766-cc326314d9f1,1.5141589000122622,3.1143795851075835e-06,2.05683801421526e-06,5.514231052,0.0,10.0,1.5518940931406833e-06,0.0,2.813399722476283e-06,4.365293815616966e-06,0.0,India,IND,karnataka,,,Windows-11-10.0.26200-SP0,3.13.5,3.2.6,12,13th Gen Intel(R) Core(TM) i5-1335U,0,,77.5937,12.9719,15.652114868164062,machine,0.0,0,0.0,0.0,N,1.0,0.0
2026-05-04T18:32:42,codecarbon,fcc05102-8d53-4327-9a58-51fdd9e16172,5b0fa12a-3dd7-45bb-9766-cc326314d9f1,1.5125384000129998,3.140417263797129e-06,2.076256221838823e-06,5.6637434755000005,0.0,10.0,1.5919708371288485e-06,0.0,2.8098188887169173e-06,4.401789725845766e-06,0.0,India,IND,karnataka,,,Windows-11-10.0.26200-SP0,3.13.5,3.2.6,12,13th Gen Intel(R) Core(TM) i5-1335U,0,,77.5937,12.9719,15.652114868164062,machine,0.0,0,0.0,0.0,N,1.0,0.0
2026-05-04T18:32:45,codecarbon,025fbaf5-adce-47d4-bf66-cda1dce50f0b,5b0fa12a-3dd7-45bb-9766-cc326314d9f1,1.5110490000806749,3.104812038883909e-06,2.0547394814583405e-06,5.520058588,0.0,10.0,1.548158391744261e-06,0.0,2.803724999992281e-06,4.351883391736541e-06,0.0,India,IND,karnataka,,,Windows-11-10.0.26200-SP0,3.13.5,3.2.6,12,13th Gen Intel(R) Core(TM) i5-1335U,0,,77.5937,12.9719,15.652114868164062,machine,0.0,0,0.0,0.0,N,1.0,0.0
2026-05-05T15:21:15,codecarbon,f2e42040-4ab7-44e6-9eff-c9e99d80a7f6,5b0fa12a-3dd7-45bb-9766-cc326314d9f1,90.75130789994728,0.00027336781926,3.0122741543451354e-06,5.727540047674108,0.0,10.0,0.0001396319268148,0.0,0.0002435361547224,0.0003831680815372,0.0,India,IND,kerala,,,Windows-11-10.0.26200-SP0,3.13.5,3.2.6,12,13th Gen Intel(R) Core(TM) i5-1335U,0,,76.9458,8.4832,15.652114868164062,machine,4.411764705882353,0,46.99176470588235,7.355637404497932,N,1.0,0.0
2026-05-05T15:22:48,codecarbon,54604425-2c61-4999-8ac4-d729d4270daa,5b0fa12a-3dd7-45bb-9766-cc326314d9f1,90.58426240005063,0.0002734914958186,3.0191943784978567e-06,5.7737465795772325,0.0,10.0,0.0001402510806698,0.0,0.0002430903530556,0.0003833414337255,0.0,India,IND,kerala,,,Windows-11-10.0.26200-SP0,3.13.5,3.2.6,12,13th Gen Intel(R) Core(TM) i5-1335U,0,,76.9458,8.4832,15.652114868164062,machine,1.7647058823529411,0,46.83882352941176,7.330622280345244,N,1.0,0.0
2026-05-05T15:24:19,codecarbon,c1e81cfa-236a-49d1-bb10-9ad34ca305bd,5b0fa12a-3dd7-45bb-9766-cc326314d9f1,87.56287780008279,0.0002637247814129,3.011833188204221e-06,5.744400705740625,0.0,10.0,0.0001349874223047,0.0,0.0002346644219444,0.0003696518442491,0.0,India,IND,kerala,,,Windows-11-10.0.26200-SP0,3.13.5,3.2.6,12,13th Gen Intel(R) Core(TM) i5-1335U,0,,76.9458,8.4832,15.652114868164062,machine,0.0,0,47.04756097560976,7.365409013701648,N,1.0,0.0
2026-05-05T15:25:48,codecarbon,15c8b4d0-06d9-452b-b4bd-3808bbaf23dc,5b0fa12a-3dd7-45bb-9766-cc326314d9f1,86.0456361999968,0.0002566596348519,2.982831508798496e-06,5.613265896940625,0.0,10.0,0.0001293870367638,0.0,0.000230361891111,0.0003597489278748,0.0,India,IND,kerala,,,Windows-11-10.0.26200-SP0,3.13.5,3.2.6,12,13th Gen Intel(R) Core(TM) i5-1335U,0,,76.9458,8.4832,15.652114868164062,machine,0.8234567901234568,0,45.96543209876543,7.194620815324194,N,1.0,0.0
2026-05-05T15:27:19,codecarbon,efae6efb-c632-43c5-9405-e9e5d9056234,5b0fa12a-3dd7-45bb-9766-cc326314d9f1,87.61278269998729,0.0002639356255915,3.012524171219368e-06,5.750532930984375,0.0,10.0,0.0001351423392055,0.0,0.0002348050363888,0.0003699473755944,0.0,India,IND,kerala,,,Windows-11-10.0.26200-SP0,3.13.5,3.2.6,12,13th Gen Intel(R) Core(TM) i5-1335U,0,,76.9458,8.4832,15.652114868164062,machine,1.829268292682927,0,45.7109756097561,7.154649222769389,N,1.0,0.0
2026-05-05T15:27:23,codecarbon,1925783e-fda8-4f7e-8a71-97933ee970bb,5b0fa12a-3dd7-45bb-9766-cc326314d9f1,1.521839400054887,3.1334934286026394e-06,2.0590171528543853e-06,5.500684288,0.0,10.0,1.5589562684014625e-06,0.0,2.8331286112208746e-06,4.392084879622337e-06,0.0,India,IND,kerala,,,Windows-11-10.0.26200-SP0,3.13.5,3.2.6,12,13th Gen Intel(R) Core(TM) i5-1335U,0,,76.9458,8.4832,15.652114868164062,machine,0.0,0,0.0,0.0,N,1.0,0.0
2026-05-05T15:27:28,codecarbon,c706432d-019b-4aeb-a161-a53eb187462d,5b0fa12a-3dd7-45bb-9766-cc326314d9f1,1.5234617000678554,3.147223639381745e-06,2.065837059928429e-06,5.5509998995,0.0,10.0,1.5750860448008158e-06,0.0,2.8362438891134744e-06,4.41132993391429e-06,0.0,India,IND,kerala,,,Windows-11-10.0.26200-SP0,3.13.5,3.2.6,12,13th Gen Intel(R) Core(TM) i5-1335U,0,,76.9458,8.4832,15.652114868164062,machine,0.0,0,0.0,0.0,N,1.0,0.0
2026-05-05T15:27:33,codecarbon,97e46f59-2aae-4b42-b381-149bae082222,5b0fa12a-3dd7-45bb-9766-cc326314d9f1,1.5229226999217644,3.15681205278332e-06,2.072864271407532e-06,5.5921129165000005,0.0,10.0,1.5873057177313366e-06,0.0,2.83746388870188e-06,4.424769606433216e-06,0.0,India,IND,kerala,,,Windows-11-10.0.26200-SP0,3.13.5,3.2.6,12,13th Gen Intel(R) Core(TM) i5-1335U,0,,76.9458,8.4832,15.652114868164062,machine,0.0,0,0.0,0.0,N,1.0,0.0
2026-05-05T15:27:38,codecarbon,dcb12a65-86b7-47dc-89c6-562773e77933,5b0fa12a-3dd7-45bb-9766-cc326314d9f1,1.5278362000826746,3.1872914963083675e-06,2.08614738683106e-06,5.6637434755000005,0.0,10.0,1.6158060722304544e-06,0.0,2.851685277871891e-06,4.4674913501023455e-06,0.0,India,IND,kerala,,,Windows-11-10.0.26200-SP0,3.13.5,3.2.6,12,13th Gen Intel(R) Core(TM) i5-1335U,0,,76.9458,8.4832,15.652114868164062,machine,0.0,0,0.0,0.0,N,1.0,0.0
2026-05-05T15:27:42,codecarbon,e52c5f28-51a1-4e02-9827-c87b132cb93f,5b0fa12a-3dd7-45bb-9766-cc326314d9f1,1.5306816000957042,3.1797189518163755e-06,2.0773222540974995e-06,5.660468704,0.0,10.0,1.611384179849786e-06,0.0,2.8454930557119143e-06,4.456877235561701e-06,0.0,India,IND,kerala,,,Windows-11-10.0.26200-SP0,3.13.5,3.2.6,12,13th Gen Intel(R) Core(TM) i5-1335U,0,,76.9458,8.4832,15.652114868164062,machine,0.0,0,0.0,0.0,N,1.0,0.0
2026-05-05T15:27:47,codecarbon,9964fb43-21e6-47bf-a766-64e02b43f329,5b0fa12a-3dd7-45bb-9766-cc326314d9f1,1.537095900042914,3.2032730070881883e-06,2.0839773282843034e-06,5.638759439500002,0.0,10.0,1.619231956122822e-06,0.0,2.8706600000279856e-06,4.489891956150808e-06,0.0,India,IND,kerala,,,Windows-11-10.0.26200-SP0,3.13.5,3.2.6,12,13th Gen Intel(R) Core(TM) i5-1335U,0,,76.9458,8.4832,15.652114868164062,machine,0.0,0,0.0,0.0,N,1.0,0.0
2026-05-05T15:27:51,codecarbon,94314cca-df3e-45b8-97c0-e178492a0d3e,5b0fa12a-3dd7-45bb-9766-cc326314d9f1,1.5213380999630317,3.134031590122345e-06,2.060049367197536e-06,5.5004584195,0.0,10.0,1.55920975331932e-06,0.0,2.833629444487289e-06,4.3928391978066095e-06,0.0,India,IND,kerala,,,Windows-11-10.0.26200-SP0,3.13.5,3.2.6,12,13th Gen Intel(R) Core(TM) i5-1335U,0,,76.9458,8.4832,15.652114868164062,machine,0.0,0,0.0,0.0,N,1.0,0.0
2026-05-05T15:27:56,codecarbon,ea343b40-b41a-455f-9c76-3f6564be54bd,5b0fa12a-3dd7-45bb-9766-cc326314d9f1,1.5213950000470504,3.137297005278207e-06,2.0621186510940182e-06,5.5162611955,0.0,10.0,1.563682302697613e-06,0.0,2.833733889080274e-06,4.397416191777887e-06,0.0,India,IND,kerala,,,Windows-11-10.0.26200-SP0,3.13.5,3.2.6,12,13th Gen Intel(R) Core(TM) i5-1335U,0,,76.9458,8.4832,15.652114868164062,machine,0.0,0,0.0,0.0,N,1.0,0.0
2026-05-05T15:28:00,codecarbon,42306ab4-1e7a-46d5-8f7a-805202a67f4c,5b0fa12a-3dd7-45bb-9766-cc326314d9f1,1.5244318000040948,3.1388753273444846e-06,2.0590460834889782e-06,5.5004584195,0.0,10.0,1.5616776256007472e-06,0.0,2.837950833297024e-06,4.399628458897771e-06,0.0,India,IND,kerala,,,Windows-11-10.0.26200-SP0,3.13.5,3.2.6,12,13th Gen Intel(R) Core(TM) i5-1335U,0,,76.9458,8.4832,15.652114868164062,machine,0.0,0,0.0,0.0,N,1.0,0.0
2026-05-05T15:28:05,codecarbon,0cb13d79-4dc9-45a3-86d0-2e3b20ceb33d,5b0fa12a-3dd7-45bb-9766-cc326314d9f1,1.5281787000130862,3.153801332448691e-06,2.063764749778075e-06,5.5061875,0.0,10.0,1.5701932185050324e-06,0.0,2.850356388888839e-06,4.420549607393872e-06,0.0,India,IND,kerala,,,Windows-11-10.0.26200-SP0,3.13.5,3.2.6,12,13th Gen Intel(R) Core(TM) i5-1335U,0,,76.9458,8.4832,15.652114868164062,machine,0.0,0,0.0,0.0,N,1.0,0.0
2026-05-05T15:28:09,codecarbon,fc1fd5a6-38c7-4875-a43e-e467b8e7b93e,5b0fa12a-3dd7-45bb-9766-cc326314d9f1,1.523262899951078,3.1221905453929105e-06,2.049672807952708e-06,5.503168000000002,0.0,10.0,1.5537676631942646e-06,0.0,2.8224744442721e-06,4.3762421074663646e-06,0.0,India,IND,kerala,,,Windows-11-10.0.26200-SP0,3.13.5,3.2.6,12,13th Gen Intel(R) Core(TM) i5-1335U,0,,76.9458,8.4832,15.652114868164062,machine,0.0,0,0.0,0.0,N,1.0,0.0
2026-05-05T15:28:14,codecarbon,03f3bf21-a632-42b6-8599-02366b8900a8,5b0fa12a-3dd7-45bb-9766-cc326314d9f1,1.5083508000243455,3.094215131811439e-06,2.051389591706052e-06,5.500974308500001,0.0,10.0,1.539426267560834e-06,0.0,2.797603888838138e-06,4.337030156398972e-06,0.0,India,IND,kerala,,,Windows-11-10.0.26200-SP0,3.13.5,3.2.6,12,13th Gen Intel(R) Core(TM) i5-1335U,0,,76.9458,8.4832,15.652114868164062,machine,0.0,0,0.0,0.0,N,1.0,0.0
2026-05-05T15:28:18,codecarbon,0600a5e4-7bcc-4a2f-ba7c-c99a1d099a3b,5b0fa12a-3dd7-45bb-9766-cc326314d9f1,1.5658804000122473,3.208822266944981e-06,2.049212868952114e-06,5.503667356,0.0,10.0,1.597129562952796e-06,0.0,2.900540555452204e-06,4.497670118405e-06,0.0,India,IND,kerala,,,Windows-11-10.0.26200-SP0,3.13.5,3.2.6,12,13th Gen Intel(R) Core(TM) i5-1335U,0,,76.9458,8.4832,15.652114868164062,machine,0.0,0,0.0,0.0,N,1.0,0.0
2026-05-05T15:28:22,codecarbon,a433c22b-94f8-4b02-a2d2-a7affbde951f,5b0fa12a-3dd7-45bb-9766-cc326314d9f1,1.505382900009863,3.0851051200647085e-06,2.0493823332552106e-06,5.5006022665000005,0.0,10.0,1.5348582615042764e-06,0.0,2.789402777691268e-06,4.324261039195544e-06,0.0,India,IND,kerala,,,Windows-11-10.0.26200-SP0,3.13.5,3.2.6,12,13th Gen Intel(R) Core(TM) i5-1335U,0,,76.9458,8.4832,15.652114868164062,machine,0.0,0,0.0,0.0,N,1.0,0.0
2026-05-05T15:28:27,codecarbon,164178e6-d6d7-40ac-8b83-2c6fe308f5b1,5b0fa12a-3dd7-45bb-9766-cc326314d9f1,1.5071401000022888,3.089779363376012e-06,2.0500943232625285e-06,5.5048181320000005,0.0,10.0,1.538046338990503e-06,0.0,2.7927663888678782e-06,4.330812727858382e-06,0.0,India,IND,kerala,,,Windows-11-10.0.26200-SP0,3.13.5,3.2.6,12,13th Gen Intel(R) Core(TM) i5-1335U,0,,76.9458,8.4832,15.652114868164062,machine,0.0,0,0.0,0.0,N,1.0,0.0
2026-05-05T15:29:05,codecarbon,cd6a5fdf-54c8-4502-955b-51c7d960b908,5b0fa12a-3dd7-45bb-9766-cc326314d9f1,35.0134103000164,0.0001034978763364,2.955949604725148e-06,5.6103266637,0.0,10.0,5.209128997918426e-05,0.0,9.297729500039068e-05,0.0001450685849795,0.0,India,IND,kerala,,,Windows-11-10.0.26200-SP0,3.13.5,3.2.6,12,13th Gen Intel(R) Core(TM) i5-1335U,0,,76.9458,8.4832,15.652114868164062,machine,0.0,0,45.25625,7.083763957023621,N,1.0,0.0
2026-05-05T15:29:43,codecarbon,f508fe64-6df3-4ab2-8538-46644cbacd71,5b0fa12a-3dd7-45bb-9766-cc326314d9f1,35.332684300024994,0.0001051617648138,2.9763310344851986e-06,5.654577980700001,0.0,10.0,5.352805524363857e-05,0.0,9.387273166632644e-05,0.0001474007869099,0.0,India,IND,kerala,,,Windows-11-10.0.26200-SP0,3.13.5,3.2.6,12,13th Gen Intel(R) Core(TM) i5-1335U,0,,76.9458,8.4832,15.652114868164062,machine,0.0,0,46.09375,7.216533541679382,N,1.0,0.0
2026-05-05T15:30:22,codecarbon,276ea27c-219f-4007-bd40-8faa01f94c78,5b0fa12a-3dd7-45bb-9766-cc326314d9f1,36.58416770002805,0.0001100178604483,3.007253338396995e-06,5.798795073500002,0.0,10.0,5.685623609731619e-05,0.0,9.73511341664966e-05,0.0001542073702638,0.0,India,IND,kerala,,,Windows-11-10.0.26200-SP0,3.13.5,3.2.6,12,13th Gen Intel(R) Core(TM) i5-1335U,0,,76.9458,8.4832,15.652114868164062,machine,0.0,0,46.6030303030303,7.290675423362038,N,1.0,0.0
2026-05-05T15:31:02,codecarbon,c4d8ce47-5dc0-4565-b87a-490f87899752,5b0fa12a-3dd7-45bb-9766-cc326314d9f1,36.10036210005637,0.0001075828051107,2.980103213717251e-06,5.686592728850001,0.0,10.0,5.4846397832002425e-05,0.0,9.594785861069492e-05,0.0001507942564426,0.0,India,IND,kerala,,,Windows-11-10.0.26200-SP0,3.13.5,3.2.6,12,13th Gen Intel(R) Core(TM) i5-1335U,0,,76.9458,8.4832,15.652114868164062,machine,0.0,0,46.54545454545455,7.286004846746271,N,1.0,0.0
2026-05-05T15:31:39,codecarbon,15a3fee6-b5ea-4a9e-a8d4-d4e5096729a6,5b0fa12a-3dd7-45bb-9766-cc326314d9f1,34.375845100032166,0.0001021333371211,2.971078582183717e-06,5.645457473975,0.0,10.0,5.18992859953838e-05,0.0,9.125668222226926e-05,0.0001431559682176,0.0,India,IND,kerala,,,Windows-11-10.0.26200-SP0,3.13.5,3.2.6,12,13th Gen Intel(R) Core(TM) i5-1335U,0,,76.9458,8.4832,15.652114868164062,machine,1.6129032258064515,0,46.75806451612903,7.318628987958355,N,1.0,0.0
2026-05-05T15:31:43,codecarbon,364ee731-dd60-4617-b5fa-2d43f5e0e7fa,5b0fa12a-3dd7-45bb-9766-cc326314d9f1,1.516148800030351,3.117665961659804e-06,2.0563060575567475e-06,5.5017788815,0.0,10.0,1.551255745752964e-06,0.0,2.818644444535797e-06,4.369900190288761e-06,0.0,India,IND,kerala,,,Windows-11-10.0.26200-SP0,3.13.5,3.2.6,12,13th Gen Intel(R) Core(TM) i5-1335U,0,,76.9458,8.4832,15.652114868164062,machine,0.0,0,0.0,0.0,N,1.0,0.0
2026-05-05T15:31:48,codecarbon,5eaf77ea-ecad-4456-b207-1072eeeab60c,5b0fa12a-3dd7-45bb-9766-cc326314d9f1,1.5127301999600604,3.108223911884766e-06,2.054711350356349e-06,5.501207255500001,0.0,10.0,1.5464723360338156e-06,0.0,2.810193333425559e-06,4.356665669459375e-06,0.0,India,IND,kerala,,,Windows-11-10.0.26200-SP0,3.13.5,3.2.6,12,13th Gen Intel(R) Core(TM) i5-1335U,0,,76.9458,8.4832,15.652114868164062,machine,0.0,0,0.0,0.0,N,1.0,0.0
2026-05-05T15:31:52,codecarbon,02454270-683d-4a87-8541-b7b542373a20,5b0fa12a-3dd7-45bb-9766-cc326314d9f1,1.527425799984485,3.1537700893703554e-06,2.0647615677320564e-06,5.5065662245,0.0,10.0,1.57027720418744e-06,0.0,2.850228611108226e-06,4.420505815295666e-06,0.0,India,IND,kerala,,,Windows-11-10.0.26200-SP0,3.13.5,3.2.6,12,13th Gen Intel(R) Core(TM) i5-1335U,0,,76.9458,8.4832,15.652114868164062,machine,0.0,0,0.0,0.0,N,1.0,0.0
2026-05-05T15:31:57,codecarbon,41a9fef2-1d65-4dfa-a2fd-d7af1b47812c,5b0fa12a-3dd7-45bb-9766-cc326314d9f1,1.5122070000506938,3.106305939090924e-06,2.0541539213790114e-06,5.500870012000003,0.0,10.0,1.5454417726794563e-06,0.0,2.8085355556363032e-06,4.35397732831576e-06,0.0,India,IND,kerala,,,Windows-11-10.0.26200-SP0,3.13.5,3.2.6,12,13th Gen Intel(R) Core(TM) i5-1335U,0,,76.9458,8.4832,15.652114868164062,machine,0.0,0,0.0,0.0,N,1.0,0.0
2026-05-05T15:32:01,codecarbon,9d1e278e-ca62-4573-b8f9-24a7aedc56d5,5b0fa12a-3dd7-45bb-9766-cc326314d9f1,1.513540199957788,3.1111861606427283e-06,2.055568897826102e-06,5.510692000000002,0.0,10.0,1.5496488389730567e-06,0.0,2.81116888897183e-06,4.360817727944888e-06,0.0,India,IND,kerala,,,Windows-11-10.0.26200-SP0,3.13.5,3.2.6,12,13th Gen Intel(R) Core(TM) i5-1335U,0,,76.9458,8.4832,15.652114868164062,machine,0.0,0,0.0,0.0,N,1.0,0.0
2026-05-05T15:32:06,codecarbon,241e4c1e-adb1-4211-9041-286102a9c9d0,5b0fa12a-3dd7-45bb-9766-cc326314d9f1,1.511718500056304,3.1058116182038274e-06,2.054490712449541e-06,5.506960096,0.0,10.0,1.546273626241759e-06,0.0,2.807010833445626e-06,4.353284459687385e-06,0.0,India,IND,kerala,,,Windows-11-10.0.26200-SP0,3.13.5,3.2.6,12,13th Gen Intel(R) Core(TM) i5-1335U,0,,76.9458,8.4832,15.652114868164062,machine,0.0,0,0.0,0.0,N,1.0,0.0
2026-05-05T15:32:10,codecarbon,444e7435-e218-4786-900b-4e4af8b6f653,5b0fa12a-3dd7-45bb-9766-cc326314d9f1,1.5237693999661133,3.107343652710804e-06,2.039247968084874e-06,5.505474304000002,0.0,10.0,1.546771569659882e-06,0.0,2.8086602778380943e-06,4.355431847497976e-06,0.0,India,IND,kerala,,,Windows-11-10.0.26200-SP0,3.13.5,3.2.6,12,13th Gen Intel(R) Core(TM) i5-1335U,0,,76.9458,8.4832,15.652114868164062,machine,0.0,0,0.0,0.0,N,1.0,0.0
2026-05-05T15:32:15,codecarbon,1d4426fc-3c2e-4c1f-bf54-5d3d98b75a29,5b0fa12a-3dd7-45bb-9766-cc326314d9f1,1.535103000001982,3.1069899968218534e-06,2.023961907974802e-06,5.509658044,0.0,10.0,1.5473641987312943e-06,0.0,2.8075719443020514e-06,4.354936143033346e-06,0.0,India,IND,kerala,,,Windows-11-10.0.26200-SP0,3.13.5,3.2.6,12,13th Gen Intel(R) Core(TM) i5-1335U,0,,76.9458,8.4832,15.652114868164062,machine,0.0,0,0.0,0.0,N,1.0,0.0
2026-05-05T15:32:19,codecarbon,d699b896-54f8-437b-81dc-804ed76c8f8c,5b0fa12a-3dd7-45bb-9766-cc326314d9f1,1.5162054999964312,3.1456906262063223e-06,2.0747125809883465e-06,5.641732756000001,0.0,10.0,1.590752840949644e-06,0.0,2.8184283333959885e-06,4.409181174345632e-06,0.0,India,IND,kerala,,,Windows-11-10.0.26200-SP0,3.13.5,3.2.6,12,13th Gen Intel(R) Core(TM) i5-1335U,0,,76.9458,8.4832,15.652114868164062,machine,0.0,0,0.0,0.0,N,1.0,0.0
2026-05-05T15:32:24,codecarbon,11377883-0dfe-4c84-9786-51c0b922a872,5b0fa12a-3dd7-45bb-9766-cc326314d9f1,1.5315602000337094,3.108179667455579e-06,2.0294205003415265e-06,5.511235559500002,0.0,10.0,1.5482567092130418e-06,0.0,2.808346944705894e-06,4.356603653918935e-06,0.0,India,IND,kerala,,,Windows-11-10.0.26200-SP0,3.13.5,3.2.6,12,13th Gen Intel(R) Core(TM) i5-1335U,0,,76.9458,8.4832,15.652114868164062,machine,0.0,0,0.0,0.0,N,1.0,0.0
2026-05-05T15:32:28,codecarbon,045b7a69-6a85-4b0a-8af0-f152d78f8aed,5b0fa12a-3dd7-45bb-9766-cc326314d9f1,1.5260562999174,3.1547511438550643e-06,2.067257377087477e-06,5.533732864,0.0,10.0,1.5756778624730064e-06,0.0,2.8462030552974383e-06,4.421880917770445e-06,0.0,India,IND,kerala,,,Windows-11-10.0.26200-SP0,3.13.5,3.2.6,12,13th Gen Intel(R) Core(TM) i5-1335U,0,,76.9458,8.4832,15.652114868164062,machine,0.0,0,0.0,0.0,N,1.0,0.0
2026-05-05T15:32:33,codecarbon,945be349-239d-4bcc-b62f-aa327ea822b0,5b0fa12a-3dd7-45bb-9766-cc326314d9f1,1.5156571998959407,3.117709991584748e-06,2.057002066033664e-06,5.507369411500002,0.0,10.0,1.5523377387409326e-06,0.0,2.8176241664267667e-06,4.369961905167699e-06,0.0,India,IND,kerala,,,Windows-11-10.0.26200-SP0,3.13.5,3.2.6,12,13th Gen Intel(R) Core(TM) i5-1335U,0,,76.9458,8.4832,15.652114868164062,machine,0.0,0,0.0,0.0,N,1.0,0.0
2026-05-05T15:32:37,codecarbon,47a228d8-110c-498e-9e15-7032b53df8c1,5b0fa12a-3dd7-45bb-9766-cc326314d9f1,1.5132750999182465,3.1105714135784323e-06,2.055522762349344e-06,5.5058236255,0.0,10.0,1.548449118858843e-06,0.0,2.811506944191125e-06,4.359956063049968e-06,0.0,India,IND,kerala,,,Windows-11-10.0.26200-SP0,3.13.5,3.2.6,12,13th Gen Intel(R) Core(TM) i5-1335U,0,,76.9458,8.4832,15.652114868164062,machine,0.0,0,0.0,0.0,N,1.0,0.0
2026-05-05T15:32:42,codecarbon,d148781f-9d4a-48df-8f2a-dc90ea61c1de,5b0fa12a-3dd7-45bb-9766-cc326314d9f1,1.5199626999674365,3.203899726940149e-06,2.107880494046853e-06,5.872712032,0.0,10.0,1.6618745695677004e-06,0.0,2.828895833226852e-06,4.490770402794553e-06,0.0,India,IND,kerala,,,Windows-11-10.0.26200-SP0,3.13.5,3.2.6,12,13th Gen Intel(R) Core(TM) i5-1335U,0,,76.9458,8.4832,15.652114868164062,machine,0.0,0,0.0,0.0,N,1.0,0.0
2026-05-05T15:32:46,codecarbon,1d3eedca-dc60-4dd1-84b0-8d4a0657e2cb,5b0fa12a-3dd7-45bb-9766-cc326314d9f1,1.5291107000084594,3.212410226132518e-06,2.1008356204130585e-06,5.8236905485,0.0,10.0,1.6575180975138963e-06,0.0,2.845181111155802e-06,4.502699208669698e-06,0.0,India,IND,kerala,,,Windows-11-10.0.26200-SP0,3.13.5,3.2.6,12,13th Gen Intel(R) Core(TM) i5-1335U,0,,76.9458,8.4832,15.652114868164062,machine,0.0,0,0.0,0.0,N,1.0,0.0
